"8c556e5c-e3d1-4068-93ab-48db082bd408","2000-01-01","invoice",2081.55,"4d9fd361-8b52-4050-8ad9-dff1fe61d5ed"
"18a5ceef-bb93-44f1-87ba-2291e1ff0503","2000-01-01","salary",2072.13,"75aac638-03f2-4961-bd0e-eeb4c9f90cd8"
"73001155-6f23-4de5-8ad9-462c9ffa3083","2000-01-01","invoice",8065.2,"bd76bf3f-07b1-4e2b-afe8-0af4f620d967"
"c552dab7-464d-4b62-a1cf-33c418aa02dd","2000-01-01","office-supplies",7049.46,"3efae99d-ab02-4102-b1c2-de8bc99198c1"
"51ca6e7f-313a-4914-9224-c4aaead54b20","2000-01-01","travel",267.17,"58b9637b-84ee-4bb9-894e-1cb1ecd6444b"
"c38ef2a6-5c02-49f4-baea-945f1e4a2029","2000-01-01","travel",6796.12,"51b17b97-923a-41a6-83d0-90c14585e874"
"8a59cd5f-7919-4104-859c-ed2007c40b04","2000-01-01","travel",5870.93,"c6c4ccbe-f073-494b-a858-d0693db4afac"
"0f45902a-31c4-41fe-aa18-92f63da06e10","2000-01-01","salary",9229.58,"a54c9aa1-61de-4043-be8d-763b84344512"
"252dff7c-6226-40a7-b8ad-3ab58eaecae5","2000-01-01","salary",9624.19,"02fb0381-358a-400c-9043-4d1b79475414"
"52bce4d5-e566-408a-b27b-cb54bfa9187f","2000-01-01","salary",7168.85,"d943a27e-f0af-42e7-b791-a08c44eb2982"
"e5772ef8-ff6c-43f2-a8ff-acef1b69b783","2000-01-01","invoice",368.75,"600d65ca-6025-46bc-8e42-d1dcf560750c"
"87e492c3-5caf-4ae6-aff5-77210ef8e129","2000-01-01","office-supplies",6334.04,"41dc88fd-727f-4f74-a199-03dd70a75a0e"
"b8c3caec-af67-4e20-b1f6-2f90b7854f64","2000-01-01","salary",4673.83,"a992b615-8195-44f2-9688-777d812ac69b"
"6d5c8a04-d8da-4c6f-bedf-528a5343d4c4","2000-01-01","travel",5449.72,"f20a33c4-e8f9-44d1-8c69-57a0ca8f3c23"
"bc1a3917-19c1-47a1-ba05-710c243174b9","2000-01-01","salary",6775.39,"b9d256fd-930e-4870-b29a-7e7995a41bc4"
"2ebfe5eb-435d-4266-9828-1479d3e097d1","2000-01-01","travel",8877.52,"ebce6296-ed1c-4ca4-a4b8-ced568126e35"
"38ecb2eb-1c66-48b8-89c9-b2ee670051b5","2000-01-01","salary",430.64,"3cdfa224-548c-4ba5-b51c-5ff083f95bbe"
"20f08fe4-1dc7-46dd-a39d-13ed9a4ab90e","2000-01-01","salary",7999.32,"b3786c1e-901b-49e0-8148-33ca250300a6"
"2bbe21fc-83f9-4a11-bda8-8d3ee76f987f","2000-01-01","invoice",7905.14,"9714dbc5-0c32-4f43-a398-7dd754a7e9a6"
"a5beed2d-0afc-4286-8ce8-9446fa14aab0","2000-01-01","salary",3062.05,"0379584e-6927-4326-be1c-45b8e13ff96c"
"b851d8fe-9933-4c55-95ee-7e26ae18f71f","2000-01-01","invoice",8904.38,"6ee640ea-c976-489c-834d-4a3520a1b27f"
"8051254c-7dbf-45b6-806f-843a1ab6a7fc","2000-01-01","salary",6654.12,"258d923b-7d3f-4daf-8412-d80c3510cc54"
"2b7e5b76-5499-4009-b8c3-e7bc8bf9d696","2000-01-01","invoice",7945.49,"0edcaad0-b395-4792-ad5a-c37a3bcd0072"
"d5e3e479-5f3f-4f41-ac87-f6d74416f1ba","2000-01-01","invoice",4337.5,"093c8032-75c1-447e-aa0e-8bff172e7e89"
"54b7fd88-160e-4fcd-a7f3-263cfca099d2","2000-01-01","invoice",2633.67,"164d5491-51e3-41a8-be33-447960adf083"
"00166faa-ba4a-45a1-864f-5ae661a351a0","2000-01-01","office-supplies",7204.03,"959c6cf0-67d0-4b20-9864-db51329c325c"
"0e30dbf6-ed2e-432f-98eb-978a6f87cc50","2000-01-01","salary",7552.48,"1d5c6c2d-9243-499b-aa41-fa9aa8ff0c6a"
"bcaed48f-5eb1-4a85-86bf-87701fcb0159","2000-01-01","salary",8632.61,"4d1f0c41-b272-4990-865d-9f146145a1b4"
"697d757d-9c9f-4c03-bcae-614a3e6285cf","2000-01-01","services",6525.93,"d19a3e7a-54a9-421c-ad4b-0e0b35718423"
"b48852b6-c131-4d06-b9c4-18e9448681a8","2000-01-01","salary",8993.25,"69202d64-4891-4af1-8d8d-e9b7576ce652"
"adb4c331-1b5a-4690-9f43-db54af39013b","2000-01-01","services",6491.65,"7647fba8-bf35-486b-93dc-415619b9f797"
"3d5f0cbe-8c3f-4c9e-a56f-6f701adb3ab4","2000-01-01","salary",4559.82,"404cef55-b50e-4bde-beda-afb2fb18a352"
"c6934df8-69dc-42a1-8cd6-7adb519ce8e2","2000-01-01","invoice",6192.45,"83dd2c23-1c89-4654-8db1-898f6e03eadb"
"8bf22d9a-1f46-4abc-8121-a1b6181844e4","2000-01-01","invoice",1514.17,"7e49c645-2cab-4f57-b478-f092a24fe36d"
"9f27e3c6-191a-43bf-aca8-a8ff8f37683f","2000-01-01","salary",6093.34,"9800487f-3db3-48c1-a06c-c61acb780e9a"
"3d80b084-d9bc-426f-817f-46a8c8ce5782","2000-01-01","salary",1801.89,"abf84874-dad8-4087-8473-7765274cc56e"
"48c3f76a-3bf1-4522-a337-c9d69a7f26e9","2000-01-01","salary",615.82,"0ca025cc-bf4c-4c08-9b27-5b61b94c077a"
"9be153c0-ddf7-4d3f-adf4-d40bfe6284d4","2000-01-01","travel",6660.98,"c8b2cbda-515b-4141-adfe-353fdbc3928c"
"d9fd532c-0117-4942-b7d0-6f07a72fdd33","2000-01-01","salary",8027.0,"980f0b08-39b5-47db-8bb2-025fc9ddb551"
"ebc8e9d0-6cd4-4aeb-8950-7034043be65b","2000-01-01","services",8395.76,"aa4e033c-12ac-44a5-9ee5-c423a9013bdd"
"6cdcca36-8164-40dc-a3f3-8878edc94cae","2000-01-01","salary",4147.62,"29af0ca8-c71d-4e8e-9ee6-7c03de81935e"
"c5ba23fd-b26f-49b2-b43a-f3a908f38627","2000-01-01","salary",7388.1,"72c67b83-49ed-4338-b658-6f81ef8e28fc"
"376f0085-7f96-4685-b91d-5bfddf558242","2000-01-01","salary",2844.77,"32cb5eec-9819-4ad1-8343-4c15f9388d55"
"2ce236d0-5c4f-40bc-b435-b95c567adcc1","2000-01-01","salary",2507.38,"0dfa73c5-5771-4773-916a-80e586aa855c"
"b58ad883-3c0a-4c30-9c92-dd3578aefa37","2000-01-01","salary",457.89,"4c10d820-7d45-46d1-bcf4-c881af6e42f4"
"91492543-4074-43a7-bb7f-26977ae91e5a","2000-01-01","salary",9802.77,"a4587f75-3d74-44b9-bec8-275ae067c4e2"
"8ba1ae23-1140-4928-ba6b-608920a1a1e0","2000-01-01","travel",5818.17,"079490b2-63d0-4496-ba10-5a86abd07d42"
"f33fef6f-b94c-41dc-9c38-c6f9f41ee6c9","2000-01-01","salary",5105.43,"d96612cc-719c-46a9-9d2f-bedc3ead9fd9"
"470a83d6-4a50-475f-922d-9465dc7189e1","2000-01-01","salary",407.74,"936da839-6228-43ef-9bbc-1eb6e4632457"
"2a1a9f3f-415c-4da8-b9e4-d34ca9affaa7","2000-01-01","travel",636.72,"38b8a3df-e671-4957-9f04-7d8debf5c849"
"246ec2db-0930-419a-a8a9-f467534b9e7f","2000-01-01","salary",4651.59,"ee0a5738-27f2-4b57-93a8-3c64bee1cf78"
"bdce8a0d-ee75-4883-b2ec-54d51c32ca1a","2000-01-01","invoice",1155.23,"0db9631f-db06-4596-bf83-11f6cf4fcc74"
"bba29ad0-0c1c-4029-bb2a-d6736f9c422a","2000-01-01","salary",9875.05,"ebb592db-4c17-4531-a0ca-8d00b797bd85"
"21b493a5-e931-4d85-9fd8-4a76486a8ce0","2000-01-01","invoice",7015.56,"5b265265-c0ee-4eb5-9874-74d8b9a53200"
"d80000eb-e0bf-4b10-8284-77cb371af95a","2000-01-01","salary",281.31,"4ac6291d-e936-4d02-b9da-6a0ec4e52121"
"c0cc9ac4-da27-416c-b03d-03219b02ace1","2000-01-01","salary",1813.95,"a433bc1f-c596-4fc6-afb7-3bf68bf0c13d"
"b591b92d-515a-490a-982a-03145d8f8bab","2000-01-01","salary",9726.33,"760897b5-836c-4ff7-859f-90d2863e9ed6"
"737451d2-3543-45e9-9daf-46753cc940ef","2000-01-01","salary",6924.57,"f8023829-8658-4178-bae2-0ae67f594636"
"45bd0114-2d33-4a3e-a5a7-c3f886a20538","2000-01-01","salary",6578.85,"541befeb-eb95-46bc-93f6-93e72fb7bb5e"
"a688e063-94c9-45de-acfe-0bdc680a2bce","2000-01-01","office-supplies",4019.44,"69a9a5cc-d461-4eac-9894-3086907428b1"
"6d0bf269-b228-45ad-a630-8770fba65aa5","2000-01-01","salary",4147.11,"8a4b8eb7-a9d0-48ab-b6db-dc810d8f087d"
"9380accd-6ddb-453a-b6e0-9d99b8ca8424","2000-01-01","salary",8768.32,"1e9f6413-c35d-4240-9576-e59f6fe2359b"
"c885820d-01e4-4397-be04-89d288da74d2","2000-01-01","salary",4875.34,"60fe63f5-5a51-49e9-95fc-b6ebc1925167"
"202613e6-9da0-4515-b964-9c59ae4e575c","2000-01-01","salary",3736.32,"c0a87e02-4bfc-4227-b087-1ac9ae35d542"
"cedd9e8f-adbe-4342-bf49-38b8875490c8","2000-01-01","salary",4045.15,"d924f170-7454-43ff-af36-7704eb2da3e4"
"22c4e714-9c5b-4578-8bde-246f3c71d310","2000-01-01","invoice",1287.19,"d2b8cb6b-5ab2-4629-bd8b-89aa813859c9"
"a452dc28-5c1b-4887-9e44-f21574166ee0","2000-01-01","travel",814.56,"a8e0327f-b586-4af0-9146-b66ef11f7f81"
"19227258-f6c5-41f1-b7de-0989ce167445","2000-01-01","salary",4951.64,"6002a70b-78c8-49a4-b604-4154a5481880"
"b2aed5fe-b25b-48db-bd70-cbf34bd948a4","2000-01-01","salary",7513.0,"ac48dcf8-b1cc-43d0-bc61-5dda8d4d6a6b"
"240a8aee-81b8-4a63-9619-224c35714d96","2000-01-01","invoice",5663.3,"a71ed8f2-ef36-4316-a402-659daf6eea60"
"15148d0a-53c3-4a93-b1ec-7f8674b175cc","2000-01-01","salary",6918.95,"b7af1438-2618-46d5-99fd-a390540f644b"
"4531f050-2a84-4486-a5df-241bae5a8655","2000-01-01","salary",9660.98,"dd5f4e0d-4767-4e5d-9622-2d08ee70de9a"
"b088372d-f15b-4f25-ba18-a6d656896e50","2000-01-01","salary",1179.18,"60ea5c95-373d-4fb3-aba7-a134efe7d1d0"
"da3e0230-b539-4947-a4aa-4e94ca82e2e2","2000-01-01","salary",8877.78,"054cd0e5-aac0-447d-b575-b3d91a76cea1"
"9e5bfd14-6ef1-403a-9979-c43ee1d0c08e","2000-01-01","salary",6239.43,"ba59e841-8600-49cd-a085-bd0799ae6515"
"50aa6bf3-9f1f-4a48-abd4-3cb15b060634","2000-01-01","salary",8796.41,"01deae01-e12e-47b2-9ec2-e9a00cfad0d8"
"81a34036-d128-49a8-a8bb-f81895014003","2000-01-01","invoice",5567.69,"9910fb62-08db-4ed8-886f-5996bd0ac62b"
"a0dc64c5-f755-4c60-8812-1b21b83ff0e8","2000-01-01","invoice",7596.17,"abfc5ded-9af9-40ca-aab5-1aeb3a2cba1b"
"c01ea0ef-5e9e-4b9a-bf28-6091eae73b15","2000-01-01","salary",4668.85,"7b072c6c-499a-45b1-a54b-e724a07c8737"
"81f90e1c-f0ef-472f-9536-e42ffd7750a0","2000-01-01","travel",6914.7,"c41d29b7-d257-42a5-88a3-40c9060ab865"
"dcd29aaa-b488-485a-8059-56f88d37688f","2000-01-01","salary",2203.11,"e31cb0b9-9900-43f1-b8a0-269d224b1dfd"
"a7821914-4293-4f98-8a8c-609eb43af4a3","2000-01-01","salary",7739.62,"c46706a9-e042-4993-8c3a-6f5372bfa998"
"096b6540-8fff-4592-8fcb-bf23552af5fe","2000-01-01","services",5554.77,"98e51a51-6dcb-4c85-b0a8-ee32052966d7"
"2a456812-d541-4c0a-a5a0-81d90b3c4fd2","2000-01-01","services",4706.52,"38ca3abd-49cb-432c-b252-65bf7222ab05"
"7d6d97e2-a133-41c8-a68c-4a07f3cd6c05","2000-01-01","salary",1085.31,"82d0518e-7e1b-4e53-90ed-0854b382095c"
"98af4ee2-555a-488b-8793-37be16df7e28","2000-01-01","salary",8839.57,"911a8cb1-5a18-4fb0-8166-2b4a52373a77"
"6acf38af-604f-4af2-a377-a8395c375764","2000-01-01","salary",7103.32,"d9de1973-1acc-4d15-8cc0-b208f86c999f"
"50ecb11e-6f8b-4343-af5e-2d01f7c0df17","2000-01-01","salary",7872.86,"d14cb250-d30e-4739-9289-b45d8603bca0"
"7fa15750-4237-4d2d-97ac-ae3ee684db97","2000-01-01","salary",5347.15,"670c47d8-b001-447f-b28b-6d2b57648cea"
"92c4c3e7-e809-4f92-bd2b-8af857081472","2000-01-01","salary",113.48,"6fa34e53-a676-474a-a7d8-c739c3e6b667"
"0d82dc73-7995-4b18-99e9-41face4874e2","2000-01-01","salary",2762.51,"3e272700-41ee-43e3-95c2-ea0ccec1340d"
"b0efa21e-d9fe-4023-8ab8-b0d1f84406e1","2000-01-01","services",5810.06,"07352655-f24f-4177-8edc-d9d125018676"
"bbf1406b-9dd2-4540-a816-993d008be3ba","2000-01-01","salary",1482.5,"cf6fccd6-0eaa-4eb6-93cc-69c4e800b439"
"1727da49-f563-495e-8205-2ca25470344f","2000-01-01","salary",6599.41,"9c7b2550-33d2-4d43-93b5-1ddbf5c237fb"
"a4799097-9c0d-4189-9742-8be18a0a4446","2000-01-01","salary",1611.59,"af8ab2a0-c735-49f1-af82-959c2041b03f"
"8cb5d6f8-2c79-4565-a541-a1474ff3e10b","2000-01-01","salary",5759.04,"98fe3458-3a03-4b3c-9284-bf04f9d25411"
"71341fe3-6169-4370-bff7-49acc1fa28d6","2000-01-01","salary",9408.99,"220316d9-dcbc-4541-a41d-35938741c8f5"
"9a17bc57-aec2-4aea-8b74-da5dd0b3bacb","2000-01-01","salary",6000.61,"17261fcb-e824-48e2-b1ed-f3585c5516ab"
"d2c13459-2e46-4d91-96b5-fc5de868c896","2000-01-01","services",1363.73,"40bb4b84-fc0a-4697-b47f-71f3d3e4e25e"
"d84a16d6-6cd7-4bd8-8cc8-1769a549b7e9","2000-01-01","travel",4483.85,"967cc07b-ba20-4a1c-901b-a85073bc34d8"
"ef601269-55b2-4624-ab13-ec04a3e59c5f","2000-01-02","office-supplies",2648.77,"4d9fd361-8b52-4050-8ad9-dff1fe61d5ed"
"ad80986d-4201-4a33-b56e-589f0bebfc30","2000-01-02","services",4582.7,"75aac638-03f2-4961-bd0e-eeb4c9f90cd8"
"cda2a49f-7816-4b91-a898-51c4fb77b3b5","2000-01-02","travel",5149.17,"bd76bf3f-07b1-4e2b-afe8-0af4f620d967"
"41de65fb-8572-440c-9831-f756decbe99c","2000-01-02","invoice",4365.36,"3efae99d-ab02-4102-b1c2-de8bc99198c1"
"cdec7cdc-8e99-4a74-a9da-a9072617b076","2000-01-02","salary",9384.67,"58b9637b-84ee-4bb9-894e-1cb1ecd6444b"
"0f97ac6c-36bd-44b2-9d24-c2bf7613aea7","2000-01-02","salary",5756.62,"51b17b97-923a-41a6-83d0-90c14585e874"
"07d777c3-0162-43bb-b5b7-f367cb7d9187","2000-01-02","salary",1911.14,"c6c4ccbe-f073-494b-a858-d0693db4afac"
"64270ada-9997-4e62-8e01-b0a2dbfeda2b","2000-01-02","salary",757.94,"a54c9aa1-61de-4043-be8d-763b84344512"
"06ef76b9-a441-4c9f-bd5e-25e5df40b4a0","2000-01-02","salary",4440.1,"02fb0381-358a-400c-9043-4d1b79475414"
"8fefbe7b-792f-42cb-a5cf-186676f746a9","2000-01-02","services",9659.17,"d943a27e-f0af-42e7-b791-a08c44eb2982"
"86f2780c-6b2e-4492-8edc-c582d4ce8cd8","2000-01-02","invoice",3985.27,"600d65ca-6025-46bc-8e42-d1dcf560750c"
"758567e6-0ac0-423b-88c7-287f87473590","2000-01-02","salary",459.06,"41dc88fd-727f-4f74-a199-03dd70a75a0e"
"885fb961-efe8-4150-865a-ef8cf89cf1c3","2000-01-02","invoice",129.5,"a992b615-8195-44f2-9688-777d812ac69b"
"cc91d1f9-9d4d-4182-8227-e4e12f13abed","2000-01-02","travel",7573.21,"f20a33c4-e8f9-44d1-8c69-57a0ca8f3c23"
"22f3805f-7754-4bc9-b8be-f495c620226b","2000-01-02","invoice",971.29,"b9d256fd-930e-4870-b29a-7e7995a41bc4"
"e9b00fa8-0fe1-4441-8c60-015ee524f3ed","2000-01-02","travel",730.99,"ebce6296-ed1c-4ca4-a4b8-ced568126e35"
"3f85163f-4072-4e0c-ae08-3082a81335e7","2000-01-02","salary",4437.04,"3cdfa224-548c-4ba5-b51c-5ff083f95bbe"
"da3ceb71-511e-437c-90f4-201189155f1e","2000-01-02","salary",5426.68,"b3786c1e-901b-49e0-8148-33ca250300a6"
"034f2fd3-4092-4c11-993b-f7577fb40f53","2000-01-02","services",104.87,"9714dbc5-0c32-4f43-a398-7dd754a7e9a6"
"0fd1ed30-1d36-4977-aa10-a121cd207e48","2000-01-02","invoice",9791.31,"0379584e-6927-4326-be1c-45b8e13ff96c"
"23ca6600-8d4b-4f89-83c2-8fa058c1d4fb","2000-01-02","salary",7053.21,"6ee640ea-c976-489c-834d-4a3520a1b27f"
"f2f22754-575f-4a1b-8bec-65eb880074b5","2000-01-02","salary",3256.95,"258d923b-7d3f-4daf-8412-d80c3510cc54"
"f1b38ebf-6d12-41ae-a791-80ca278be458","2000-01-02","salary",6304.74,"0edcaad0-b395-4792-ad5a-c37a3bcd0072"
"235a054b-5775-4eca-9cec-14fc178dcf10","2000-01-02","salary",5078.39,"093c8032-75c1-447e-aa0e-8bff172e7e89"
"303cc926-4e8e-4090-83c5-3a01dba637b8","2000-01-02","salary",3480.35,"164d5491-51e3-41a8-be33-447960adf083"
"ddfb5797-1d80-4f51-8354-ffd7672ff823","2000-01-02","salary",1985.24,"959c6cf0-67d0-4b20-9864-db51329c325c"
"27bce69b-8a25-4e13-8832-cbc6aebf23d9","2000-01-02","travel",9335.69,"1d5c6c2d-9243-499b-aa41-fa9aa8ff0c6a"
"a491e425-b28a-4f93-aa1c-b5a765f4759a","2000-01-02","salary",7165.54,"4d1f0c41-b272-4990-865d-9f146145a1b4"
"1d2ef3f0-c884-4cee-b34c-3b147b7e87fd","2000-01-02","office-supplies",2470.63,"d19a3e7a-54a9-421c-ad4b-0e0b35718423"
"ac65998f-d917-4dca-8891-497f38eaab75","2000-01-02","travel",4323.88,"69202d64-4891-4af1-8d8d-e9b7576ce652"
"3dffa91d-7978-4ece-94a9-7ce27d690fd9","2000-01-02","salary",1789.63,"7647fba8-bf35-486b-93dc-415619b9f797"
"d501486c-4a94-4f0a-9a3b-078f275f307b","2000-01-02","invoice",1045.45,"404cef55-b50e-4bde-beda-afb2fb18a352"
"158c3e78-12b1-4706-b46e-c1f3e24380e6","2000-01-02","services",7218.22,"83dd2c23-1c89-4654-8db1-898f6e03eadb"
"dbe3c241-99e7-46c2-ad40-3871b83e0fb2","2000-01-02","travel",1700.8,"7e49c645-2cab-4f57-b478-f092a24fe36d"
"3559b052-3a42-4ce2-aad4-9108bb64ebf1","2000-01-02","salary",5689.1,"9800487f-3db3-48c1-a06c-c61acb780e9a"
"166878ce-4901-4d00-aa6b-e564df744fda","2000-01-02","salary",8348.78,"abf84874-dad8-4087-8473-7765274cc56e"
"9dc23db1-df8d-44b8-9e59-37b71ade8089","2000-01-02","office-supplies",3156.58,"0ca025cc-bf4c-4c08-9b27-5b61b94c077a"
"a2f0dd5f-d7e5-43d7-bf10-f56d833a0241","2000-01-02","salary",1660.38,"c8b2cbda-515b-4141-adfe-353fdbc3928c"
"f7e610b0-c14c-48ea-bad9-e874ce9247e0","2000-01-02","services",6208.08,"980f0b08-39b5-47db-8bb2-025fc9ddb551"
"7546a103-85f5-462d-8d9e-bb55abfeb58d","2000-01-02","salary",5218.33,"aa4e033c-12ac-44a5-9ee5-c423a9013bdd"
"9de5c134-a9c5-46bf-874d-f43d8a7c18f1","2000-01-02","salary",1737.77,"29af0ca8-c71d-4e8e-9ee6-7c03de81935e"
"d14ebe00-29f7-4e31-a811-7c1079ba06a2","2000-01-02","salary",5213.38,"72c67b83-49ed-4338-b658-6f81ef8e28fc"
"2ed536c9-2cde-47ab-a1fe-3cd7919f51e6","2000-01-02","salary",4021.68,"32cb5eec-9819-4ad1-8343-4c15f9388d55"
"92757276-ef24-4ab2-821e-1893a41035e4","2000-01-02","travel",2814.96,"0dfa73c5-5771-4773-916a-80e586aa855c"
"92cd2500-71ee-47cb-994d-2409a1975553","2000-01-02","salary",4590.57,"4c10d820-7d45-46d1-bcf4-c881af6e42f4"
"c36883ab-c79a-4ddb-ab15-c1d3ad0e5010","2000-01-02","invoice",4384.22,"a4587f75-3d74-44b9-bec8-275ae067c4e2"
"c944eebf-2dc2-491f-bb71-34db17c0f410","2000-01-02","salary",6440.12,"079490b2-63d0-4496-ba10-5a86abd07d42"
"a4ea7f03-3056-44a6-a209-90036dadfa9d","2000-01-02","salary",1985.41,"d96612cc-719c-46a9-9d2f-bedc3ead9fd9"
"bd4e14d5-9ac5-4631-91ae-ddd4855b3462","2000-01-02","travel",704.23,"936da839-6228-43ef-9bbc-1eb6e4632457"
"cbf4acb4-69fc-4969-b112-4d82081d13ab","2000-01-02","salary",590.03,"38b8a3df-e671-4957-9f04-7d8debf5c849"
"e8cfdec0-2868-4689-993e-c228e8f9fe5e","2000-01-02","salary",217.64,"ee0a5738-27f2-4b57-93a8-3c64bee1cf78"
"52f9210f-14ea-47e9-abc4-c725d8ad9e77","2000-01-02","salary",5971.53,"0db9631f-db06-4596-bf83-11f6cf4fcc74"
"e2ce70e8-fb63-49ce-8fd3-4887c4071a13","2000-01-02","salary",3371.3,"ebb592db-4c17-4531-a0ca-8d00b797bd85"
"9a7a4415-837b-42d9-bdb1-3d570a854984","2000-01-02","salary",2039.91,"5b265265-c0ee-4eb5-9874-74d8b9a53200"
"1d25278b-f468-42b0-ba53-e587e38bd99b","2000-01-02","office-supplies",8539.81,"4ac6291d-e936-4d02-b9da-6a0ec4e52121"
"4954aef2-6777-4560-8396-865c6779af10","2000-01-02","office-supplies",1644.88,"a433bc1f-c596-4fc6-afb7-3bf68bf0c13d"
"c6374d8b-cc71-4dbf-b6a3-fbbe9eaeb6fa","2000-01-02","invoice",7025.8,"760897b5-836c-4ff7-859f-90d2863e9ed6"
"174e0bda-9823-4119-bebf-5b67eb85d9f5","2000-01-02","salary",1525.71,"f8023829-8658-4178-bae2-0ae67f594636"
"c2855bb5-c388-4a66-bbad-e6002b3d92e2","2000-01-02","services",7705.48,"541befeb-eb95-46bc-93f6-93e72fb7bb5e"
"bb3c6e41-e356-46c5-8bfd-b4d1a6342cd4","2000-01-02","invoice",6739.99,"69a9a5cc-d461-4eac-9894-3086907428b1"
"1c064250-68d6-498f-a32a-e5011eee475e","2000-01-02","invoice",9846.86,"8a4b8eb7-a9d0-48ab-b6db-dc810d8f087d"
"e41153b6-1ac6-4b86-9b29-5fb27af76675","2000-01-02","services",5282.67,"1e9f6413-c35d-4240-9576-e59f6fe2359b"
"f67fa84b-9330-43f0-8a66-3453b78232a3","2000-01-02","office-supplies",9372.25,"60fe63f5-5a51-49e9-95fc-b6ebc1925167"
"21de23c2-edf6-4eb2-b716-59b5f0f9bb6d","2000-01-02","travel",4255.9,"c0a87e02-4bfc-4227-b087-1ac9ae35d542"
"24a03077-d7d9-41b9-9a63-d27a684a2342","2000-01-02","office-supplies",7579.4,"d924f170-7454-43ff-af36-7704eb2da3e4"
"211357c0-7069-41cc-92f2-9113fa8abd25","2000-01-02","office-supplies",128.88,"d2b8cb6b-5ab2-4629-bd8b-89aa813859c9"
"4293f121-70c3-4ad3-8f3e-398c305609a5","2000-01-02","salary",1854.47,"a8e0327f-b586-4af0-9146-b66ef11f7f81"
"9730b159-d38a-446d-87a9-550e96e2029e","2000-01-02","services",7461.14,"6002a70b-78c8-49a4-b604-4154a5481880"
"991d5cd7-a0f0-456b-96cd-56dc00d0890c","2000-01-02","salary",4403.38,"ac48dcf8-b1cc-43d0-bc61-5dda8d4d6a6b"
"edb1a2b3-48e4-4ab3-ab97-7a8df24db406","2000-01-02","salary",7301.0,"a71ed8f2-ef36-4316-a402-659daf6eea60"
"3d442bdb-b289-4cb3-ab3f-a21d1b3dba90","2000-01-02","travel",5063.1,"b7af1438-2618-46d5-99fd-a390540f644b"
"bfdd7bb0-ca19-4bbb-b1af-cf803935bc14","2000-01-02","invoice",4693.72,"dd5f4e0d-4767-4e5d-9622-2d08ee70de9a"
"20791af8-29ea-4262-9806-b4140d5450e1","2000-01-02","salary",9496.85,"60ea5c95-373d-4fb3-aba7-a134efe7d1d0"
"f462654d-3c36-458d-b743-8a9f21a777b0","2000-01-02","travel",2273.28,"054cd0e5-aac0-447d-b575-b3d91a76cea1"
"6c09b371-7b71-4231-b624-d58167765452","2000-01-02","invoice",6820.34,"ba59e841-8600-49cd-a085-bd0799ae6515"
"2ce1dd27-5b51-4f15-88de-3f103dfdd2d1","2000-01-02","invoice",6535.63,"01deae01-e12e-47b2-9ec2-e9a00cfad0d8"
"b0654e22-5a87-47ad-81ad-c9faadabce14","2000-01-02","salary",1346.27,"9910fb62-08db-4ed8-886f-5996bd0ac62b"
"56028389-5928-4702-9425-00fd562d7003","2000-01-02","services",9449.88,"abfc5ded-9af9-40ca-aab5-1aeb3a2cba1b"
"c168cb58-e8cd-4539-8ea0-4c7f7ee27816","2000-01-02","salary",8180.5,"7b072c6c-499a-45b1-a54b-e724a07c8737"
"0406e9cc-096a-4ef2-84b5-54c478d1d286","2000-01-02","salary",4063.53,"c41d29b7-d257-42a5-88a3-40c9060ab865"
"cd603174-57ec-4108-ad0e-a8fcd5e4bbe7","2000-01-02","salary",2212.29,"e31cb0b9-9900-43f1-b8a0-269d224b1dfd"
"60301558-4091-4d13-a342-e0af6d4176fb","2000-01-02","travel",9769.33,"c46706a9-e042-4993-8c3a-6f5372bfa998"
"b4f30355-16cc-46a3-8e64-cbb347b28aff","2000-01-02","travel",5624.12,"98e51a51-6dcb-4c85-b0a8-ee32052966d7"
"e347bfc4-7e86-46a6-9edc-6db21c542bf7","2000-01-02","salary",5115.93,"38ca3abd-49cb-432c-b252-65bf7222ab05"
"4bc6bb6d-f597-425d-8dd4-2c0e51478365","2000-01-02","services",602.66,"82d0518e-7e1b-4e53-90ed-0854b382095c"
"0e4afa95-a917-4c28-bd5d-fa9e57cc256c","2000-01-02","travel",6698.29,"911a8cb1-5a18-4fb0-8166-2b4a52373a77"
"9f3c7387-e4a8-4e48-80fc-37c8683ec489","2000-01-02","salary",7828.91,"d9de1973-1acc-4d15-8cc0-b208f86c999f"
"77faa36f-1e28-4b1b-96a8-9b54a0b62a8d","2000-01-02","travel",5073.61,"d14cb250-d30e-4739-9289-b45d8603bca0"
"ef91dc68-519e-4e4d-a337-6bb77d47306f","2000-01-02","salary",5258.27,"670c47d8-b001-447f-b28b-6d2b57648cea"
"a9bf51b2-d3e0-4c34-9a34-1ee9174ea38f","2000-01-02","salary",3578.56,"6fa34e53-a676-474a-a7d8-c739c3e6b667"
"e455606c-e4b7-469e-a27b-d0639345971d","2000-01-02","office-supplies",8221.42,"3e272700-41ee-43e3-95c2-ea0ccec1340d"
"b5ac4f4b-272a-47f8-a07b-8da710ba6761","2000-01-02","salary",899.37,"07352655-f24f-4177-8edc-d9d125018676"
"75264f5c-b54c-4536-ad09-a7453004f3f8","2000-01-02","salary",2893.94,"cf6fccd6-0eaa-4eb6-93cc-69c4e800b439"
"77afadfa-333f-4a70-80af-3866a3b99434","2000-01-02","salary",468.86,"9c7b2550-33d2-4d43-93b5-1ddbf5c237fb"
"1b9f049f-4dce-4855-8ada-e0f761b831b0","2000-01-02","salary",9565.14,"af8ab2a0-c735-49f1-af82-959c2041b03f"
"d072ab1b-8319-43e6-8c5d-d42973c39b68","2000-01-02","salary",6941.88,"98fe3458-3a03-4b3c-9284-bf04f9d25411"
"888c63c7-e672-4be7-9575-362e925005fc","2000-01-02","salary",3445.4,"220316d9-dcbc-4541-a41d-35938741c8f5"
"4ed8766e-b8a3-46e5-9578-40136b01fe13","2000-01-02","travel",7356.6,"17261fcb-e824-48e2-b1ed-f3585c5516ab"
"475389c7-bc29-4810-90da-4533456fa063","2000-01-02","salary",1877.0,"40bb4b84-fc0a-4697-b47f-71f3d3e4e25e"
"d35c6224-a1d2-4873-abf3-9c8052231d25","2000-01-02","salary",6287.99,"967cc07b-ba20-4a1c-901b-a85073bc34d8"
"63031c87-54bf-42ab-8615-129e39b91148","2000-01-03","salary",2929.58,"4d9fd361-8b52-4050-8ad9-dff1fe61d5ed"
"7cc5cfa0-894e-41a2-a4df-854d3d585d49","2000-01-03","invoice",6066.65,"75aac638-03f2-4961-bd0e-eeb4c9f90cd8"
"5662f053-1f86-4191-97a4-f84e7d4e70e8","2000-01-03","salary",8716.88,"bd76bf3f-07b1-4e2b-afe8-0af4f620d967"
"14bd6ad3-f336-4a3b-9c07-417626cfbdfb","2000-01-03","salary",5196.18,"3efae99d-ab02-4102-b1c2-de8bc99198c1"
"6170c667-cf70-46bf-ae22-346664f5bc0e","2000-01-03","services",9782.26,"58b9637b-84ee-4bb9-894e-1cb1ecd6444b"
"7793b7df-6504-4506-82ca-54967b74b2cf","2000-01-03","salary",1427.32,"51b17b97-923a-41a6-83d0-90c14585e874"
"4b1c0a89-57fc-4bba-9a76-11a4c26f807e","2000-01-03","salary",2222.81,"c6c4ccbe-f073-494b-a858-d0693db4afac"
"4498eee5-5dd5-4e6a-8cf3-7a06caaab0a1","2000-01-03","travel",500.6,"a54c9aa1-61de-4043-be8d-763b84344512"
"d1a690a7-458d-4e6c-88d6-9ab264347a14","2000-01-03","services",6712.76,"02fb0381-358a-400c-9043-4d1b79475414"
"4c55fbd8-a630-4b13-b804-2d32e61238ea","2000-01-03","salary",858.06,"d943a27e-f0af-42e7-b791-a08c44eb2982"
"c0ca06e5-2b0b-4659-ad14-cc3847f0b519","2000-01-03","salary",8438.26,"600d65ca-6025-46bc-8e42-d1dcf560750c"
"5be8d88c-50f8-4ae3-a370-a1b465ee8f78","2000-01-03","travel",8566.66,"41dc88fd-727f-4f74-a199-03dd70a75a0e"
"714e89cd-54db-406f-b845-7fb699abb40b","2000-01-03","salary",7690.33,"a992b615-8195-44f2-9688-777d812ac69b"
"d810f468-867a-4535-96e3-5a2a79462088","2000-01-03","invoice",8004.49,"f20a33c4-e8f9-44d1-8c69-57a0ca8f3c23"
"98feb22e-d0b1-4b01-abf0-a2b52c30cda0","2000-01-03","invoice",376.67,"b9d256fd-930e-4870-b29a-7e7995a41bc4"
"45cf6086-66ca-44df-9e67-18f20a6d4524","2000-01-03","services",3939.16,"ebce6296-ed1c-4ca4-a4b8-ced568126e35"
"5c8e7b9d-4481-4e15-b419-ebc06133def6","2000-01-03","services",3900.24,"3cdfa224-548c-4ba5-b51c-5ff083f95bbe"
"6b912599-4c23-4759-ba64-a65628dc24d5","2000-01-03","invoice",4844.24,"b3786c1e-901b-49e0-8148-33ca250300a6"
"f3544653-a774-4712-9463-c5c791aeb27c","2000-01-03","office-supplies",8501.05,"9714dbc5-0c32-4f43-a398-7dd754a7e9a6"
"0e5b70db-95e5-403b-afd8-c35ac97370ee","2000-01-03","salary",1229.35,"0379584e-6927-4326-be1c-45b8e13ff96c"
"59fdf7b9-5754-4b9b-8757-5f915499c97e","2000-01-03","invoice",2003.85,"6ee640ea-c976-489c-834d-4a3520a1b27f"
"4fe82b29-f041-4542-9e90-c4d9a0c6d669","2000-01-03","salary",8025.51,"258d923b-7d3f-4daf-8412-d80c3510cc54"
"9bd748a7-dda9-4718-a9f4-e0eb297bcac2","2000-01-03","services",3247.34,"0edcaad0-b395-4792-ad5a-c37a3bcd0072"
"9776dea9-d8dc-48b3-b588-2d6c1a618705","2000-01-03","salary",3622.24,"093c8032-75c1-447e-aa0e-8bff172e7e89"
"97ddf0a6-eea9-4936-8ebe-88df0e67185b","2000-01-03","services",6477.67,"164d5491-51e3-41a8-be33-447960adf083"
"615880c4-f042-4457-9f20-4db0f8936b9a","2000-01-03","salary",4422.11,"959c6cf0-67d0-4b20-9864-db51329c325c"
"9f0cb520-6b4c-4b18-baa4-66ce890ddf03","2000-01-03","travel",999.19,"1d5c6c2d-9243-499b-aa41-fa9aa8ff0c6a"
"833a3090-f714-4b5a-ab12-fce5818fb868","2000-01-03","invoice",2013.57,"4d1f0c41-b272-4990-865d-9f146145a1b4"
"b9e48036-6cc2-47b9-bd1c-3a28669a6fc2","2000-01-03","invoice",6029.79,"d19a3e7a-54a9-421c-ad4b-0e0b35718423"
"9dae4c67-26ca-47f6-a268-8bd74b68ae12","2000-01-03","salary",8926.45,"69202d64-4891-4af1-8d8d-e9b7576ce652"
"cef14429-34eb-4772-add7-d59268b52d9c","2000-01-03","services",9143.14,"7647fba8-bf35-486b-93dc-415619b9f797"
"9532f857-ffb7-4992-a78f-a33ee40c2ce9","2000-01-03","travel",8098.64,"404cef55-b50e-4bde-beda-afb2fb18a352"
"d9fe2304-bad4-41fd-aa5f-3893852b28d9","2000-01-03","invoice",147.43,"83dd2c23-1c89-4654-8db1-898f6e03eadb"
"e5613ee9-f87c-4a8d-b7e2-8d10abb1eff3","2000-01-03","services",5940.35,"7e49c645-2cab-4f57-b478-f092a24fe36d"
"41017011-e467-4c60-ba51-4d6b621232f5","2000-01-03","salary",6772.73,"9800487f-3db3-48c1-a06c-c61acb780e9a"
"7805b946-0f3c-415b-914e-8808d27e830b","2000-01-03","salary",407.04,"abf84874-dad8-4087-8473-7765274cc56e"
"ca8949e5-a882-4617-9164-92d54551266f","2000-01-03","salary",1424.92,"0ca025cc-bf4c-4c08-9b27-5b61b94c077a"
"a119a055-97b3-4006-a68b-7570a805a96a","2000-01-03","services",6238.8,"c8b2cbda-515b-4141-adfe-353fdbc3928c"
"d5b1ef5a-6aff-4394-acea-d71d4c53b8c6","2000-01-03","salary",9614.52,"980f0b08-39b5-47db-8bb2-025fc9ddb551"
"8fa21cec-5371-4984-a282-fb621aa26fed","2000-01-03","salary",9398.66,"aa4e033c-12ac-44a5-9ee5-c423a9013bdd"
"9a0f753e-eda7-407b-85d6-300cb5fc4ed4","2000-01-03","salary",3560.28,"29af0ca8-c71d-4e8e-9ee6-7c03de81935e"
"eba50b5d-bb79-4ae6-ae36-bc023d4ce17c","2000-01-03","salary",3265.38,"72c67b83-49ed-4338-b658-6f81ef8e28fc"
"b863fc0a-d1b8-4b7b-a7fb-8c5cb1331f21","2000-01-03","invoice",307.17,"32cb5eec-9819-4ad1-8343-4c15f9388d55"
"8dee313e-adcb-40e3-9f46-19347f9f0a59","2000-01-03","invoice",940.57,"0dfa73c5-5771-4773-916a-80e586aa855c"
"4770b7af-79a6-4938-a64c-6a5bbcf7e3fe","2000-01-03","salary",5980.46,"4c10d820-7d45-46d1-bcf4-c881af6e42f4"
"f506ab11-9d62-4672-a54d-6e50dc4df052","2000-01-03","travel",9205.34,"a4587f75-3d74-44b9-bec8-275ae067c4e2"
"0df661a2-77ba-4b0c-9088-722bfd8cef25","2000-01-03","invoice",1896.18,"079490b2-63d0-4496-ba10-5a86abd07d42"
"36bc3b8f-419e-4fec-a22c-b6e4fc48fafd","2000-01-03","travel",7055.58,"d96612cc-719c-46a9-9d2f-bedc3ead9fd9"
"726fdfd0-47df-42a8-9cc6-35d9c2bf32bc","2000-01-03","salary",8752.29,"936da839-6228-43ef-9bbc-1eb6e4632457"
"c2f07bda-44a4-4aa8-ab71-f159dbd03038","2000-01-03","invoice",8989.15,"38b8a3df-e671-4957-9f04-7d8debf5c849"
"039bc3f0-3db4-40e1-a757-b5d7f7a96e3f","2000-01-03","salary",1824.09,"ee0a5738-27f2-4b57-93a8-3c64bee1cf78"
"b8449921-646b-4f85-9447-5a21d46db999","2000-01-03","travel",7761.49,"0db9631f-db06-4596-bf83-11f6cf4fcc74"
"bfa7c330-4541-4727-bdb9-2d765a8a6990","2000-01-03","salary",6707.86,"ebb592db-4c17-4531-a0ca-8d00b797bd85"
"09f41b97-ee8d-40f0-b165-566a956cf75f","2000-01-03","invoice",6690.02,"5b265265-c0ee-4eb5-9874-74d8b9a53200"
"da01b995-d7f1-4e6e-86bc-cb1fee4a02aa","2000-01-03","office-supplies",3356.52,"4ac6291d-e936-4d02-b9da-6a0ec4e52121"
"c6c0d7f2-630a-4a58-a908-22f3156c326d","2000-01-03","salary",1664.98,"a433bc1f-c596-4fc6-afb7-3bf68bf0c13d"
"6d3137ca-944f-48e1-bf57-53efa0608da1","2000-01-03","services",2100.72,"760897b5-836c-4ff7-859f-90d2863e9ed6"
"e9e73d72-bec4-4295-8483-07e9cabe376c","2000-01-03","salary",7283.95,"f8023829-8658-4178-bae2-0ae67f594636"
"7ee2b139-9069-4f9e-a032-9802106132dd","2000-01-03","invoice",6113.69,"541befeb-eb95-46bc-93f6-93e72fb7bb5e"
"4ab43644-193e-4aaf-87ee-4f894479b0a4","2000-01-03","travel",136.97,"69a9a5cc-d461-4eac-9894-3086907428b1"
"e69c23ec-036c-42b8-938d-7cd3f3654be2","2000-01-03","salary",9358.06,"8a4b8eb7-a9d0-48ab-b6db-dc810d8f087d"
"3387e98f-282d-4d7a-9bfe-7d71c6a9fbc9","2000-01-03","services",5446.39,"1e9f6413-c35d-4240-9576-e59f6fe2359b"
"ef5c6ef4-77f6-4d36-af28-c3ce7566ca88","2000-01-03","invoice",8854.31,"60fe63f5-5a51-49e9-95fc-b6ebc1925167"
"484b8959-d6b6-4eef-abbb-72db82c65320","2000-01-03","travel",449.37,"c0a87e02-4bfc-4227-b087-1ac9ae35d542"
"c367c7e6-1e41-42db-ae8d-d071decd90fd","2000-01-03","invoice",9010.06,"d924f170-7454-43ff-af36-7704eb2da3e4"
"9e265d38-2de6-4fc9-ad3f-8c7365e2e70b","2000-01-03","salary",2813.5,"d2b8cb6b-5ab2-4629-bd8b-89aa813859c9"
"0e990d50-251b-4ce8-8fb0-c7dbe1df7f57","2000-01-03","salary",2459.94,"a8e0327f-b586-4af0-9146-b66ef11f7f81"
"40d1c349-70d5-4659-a88e-09b46c254ea8","2000-01-03","travel",6860.25,"6002a70b-78c8-49a4-b604-4154a5481880"
"4781c899-b122-4471-91a6-c111ff830980","2000-01-03","office-supplies",7923.91,"ac48dcf8-b1cc-43d0-bc61-5dda8d4d6a6b"
"1af13cb6-64d1-484b-a670-f81c30a90294","2000-01-03","invoice",4081.23,"a71ed8f2-ef36-4316-a402-659daf6eea60"
"6626154d-302b-4d39-9974-f4a79afb2893","2000-01-03","salary",2439.53,"b7af1438-2618-46d5-99fd-a390540f644b"
"325b5ad8-04cf-4806-8ceb-0811f8cfd1ea","2000-01-03","salary",4577.99,"dd5f4e0d-4767-4e5d-9622-2d08ee70de9a"
"e7f72f9e-bec1-4c07-8a87-a711a519f7d6","2000-01-03","travel",6130.76,"60ea5c95-373d-4fb3-aba7-a134efe7d1d0"
"fffa6e9e-1d7f-460d-ba0c-bcf21cde53b6","2000-01-03","salary",610.73,"054cd0e5-aac0-447d-b575-b3d91a76cea1"
"ac515145-2fe9-4caf-a96e-952d6be45b6d","2000-01-03","salary",9321.5,"ba59e841-8600-49cd-a085-bd0799ae6515"
"39082fdd-a895-4d1c-853c-6ab0c2678cc6","2000-01-03","salary",9265.92,"01deae01-e12e-47b2-9ec2-e9a00cfad0d8"
"33a4135f-56e4-45ee-a120-fb081a4a0a7b","2000-01-03","invoice",9657.92,"9910fb62-08db-4ed8-886f-5996bd0ac62b"
"62ac596f-ca0b-41a4-b8c0-648d3cf62031","2000-01-03","travel",937.54,"abfc5ded-9af9-40ca-aab5-1aeb3a2cba1b"
"154c1072-2206-4fa5-b314-f0569b3731ef","2000-01-03","invoice",1225.29,"7b072c6c-499a-45b1-a54b-e724a07c8737"
"37e2cae0-cda9-4da2-8dff-50e286a1fdc6","2000-01-03","travel",417.19,"c41d29b7-d257-42a5-88a3-40c9060ab865"
"cff8876a-b42c-4b77-9536-4a1a57437fde","2000-01-03","invoice",4662.3,"e31cb0b9-9900-43f1-b8a0-269d224b1dfd"
"029f8cae-03a1-463d-8980-9a5d512ee752","2000-01-03","invoice",2066.9,"c46706a9-e042-4993-8c3a-6f5372bfa998"
"64f64d50-d07b-4b20-b733-c4b78519d04c","2000-01-03","office-supplies",4380.03,"98e51a51-6dcb-4c85-b0a8-ee32052966d7"
"9e673787-561b-4ed3-a64d-9837d75cce79","2000-01-03","salary",1609.3,"38ca3abd-49cb-432c-b252-65bf7222ab05"
"6f111903-7d3d-4a26-a6bb-feb0980cca49","2000-01-03","salary",5934.23,"82d0518e-7e1b-4e53-90ed-0854b382095c"
"0d7568cb-b707-431c-912d-c5329164cbdf","2000-01-03","salary",1337.18,"911a8cb1-5a18-4fb0-8166-2b4a52373a77"
"d7782fac-8a98-457c-81f9-f290c00636f9","2000-01-03","invoice",3961.72,"d9de1973-1acc-4d15-8cc0-b208f86c999f"
"cce8d773-c383-4bb7-aa5a-be0535d756bc","2000-01-03","office-supplies",5524.74,"d14cb250-d30e-4739-9289-b45d8603bca0"
"e847aabe-7697-4217-acfb-b8e5fd566585","2000-01-03","travel",1793.22,"670c47d8-b001-447f-b28b-6d2b57648cea"
"7b6a2402-649c-4de0-aebe-59788573cdc7","2000-01-03","salary",4104.36,"6fa34e53-a676-474a-a7d8-c739c3e6b667"
"f5ad7221-e099-4a66-a3dc-500a2dbeb3ed","2000-01-03","salary",5621.75,"3e272700-41ee-43e3-95c2-ea0ccec1340d"
"50726784-1880-4477-97d6-e94d570a9b17","2000-01-03","salary",5392.12,"07352655-f24f-4177-8edc-d9d125018676"
"75967f5b-a3a9-4ba1-9e08-2ceef8f5df66","2000-01-03","salary",426.36,"cf6fccd6-0eaa-4eb6-93cc-69c4e800b439"
"039d437e-a995-4c61-bcf5-f513685f76d6","2000-01-03","salary",481.43,"9c7b2550-33d2-4d43-93b5-1ddbf5c237fb"
"3cc47859-0ebd-4c82-847a-2a4972dee0a8","2000-01-03","services",3006.62,"af8ab2a0-c735-49f1-af82-959c2041b03f"
"56ebc453-9846-4edf-bef7-0f1d055a0204","2000-01-03","services",2530.88,"98fe3458-3a03-4b3c-9284-bf04f9d25411"
"ed554e9c-c5ca-41d2-b302-0aafd09c4132","2000-01-03","salary",3177.99,"220316d9-dcbc-4541-a41d-35938741c8f5"
"073f6225-8896-4582-9f17-0a100846c9e6","2000-01-03","salary",9716.74,"17261fcb-e824-48e2-b1ed-f3585c5516ab"
"d471795d-68a6-4af2-b196-5ca3f630e9b7","2000-01-03","invoice",2354.22,"40bb4b84-fc0a-4697-b47f-71f3d3e4e25e"
"8c3f6525-9409-4edf-bdac-ddeee42d0ed0","2000-01-03","salary",8789.7,"967cc07b-ba20-4a1c-901b-a85073bc34d8"
"c5917229-ac4f-4040-b865-9e93799830ac","2000-01-04","salary",7227.77,"4d9fd361-8b52-4050-8ad9-dff1fe61d5ed"
"55e49420-3777-4bf4-9aa2-e780425b60c4","2000-01-04","salary",3347.7,"75aac638-03f2-4961-bd0e-eeb4c9f90cd8"
"d7535ae4-8b63-4d3f-9034-c8851b691b5c","2000-01-04","travel",1920.01,"bd76bf3f-07b1-4e2b-afe8-0af4f620d967"
"eaf0be77-807c-442b-bf17-c4bb8c7d4fb5","2000-01-04","travel",4426.52,"3efae99d-ab02-4102-b1c2-de8bc99198c1"
"88cb5162-1435-49c7-9b12-3603f66202ee","2000-01-04","invoice",4444.69,"58b9637b-84ee-4bb9-894e-1cb1ecd6444b"
"05452a98-020b-4fcd-9653-fb8a5af404ed","2000-01-04","invoice",2964.12,"51b17b97-923a-41a6-83d0-90c14585e874"
"8db092c0-094f-4b85-a3bd-2648b757d21b","2000-01-04","salary",2064.21,"c6c4ccbe-f073-494b-a858-d0693db4afac"
"f3f216a9-63f3-4f78-9d7f-cb6c2729f006","2000-01-04","travel",5902.62,"a54c9aa1-61de-4043-be8d-763b84344512"
"fe0c60d8-216d-4fb5-a33a-ec73a592e0e0","2000-01-04","salary",336.27,"02fb0381-358a-400c-9043-4d1b79475414"
"c99d59f8-4635-4246-b4f0-67545d271d87","2000-01-04","invoice",7626.12,"d943a27e-f0af-42e7-b791-a08c44eb2982"
"6fbb80df-32e9-49fc-a1cb-0e30a91a8a43","2000-01-04","salary",4459.99,"600d65ca-6025-46bc-8e42-d1dcf560750c"
"2436c1a5-aa70-4d14-bd30-e4bc2cc325af","2000-01-04","travel",717.07,"41dc88fd-727f-4f74-a199-03dd70a75a0e"
"6351ffb5-a8b4-4bc7-9d70-168c382b8870","2000-01-04","invoice",3686.27,"a992b615-8195-44f2-9688-777d812ac69b"
"78da44f8-f42e-4327-ba25-6ce38d8c4873","2000-01-04","salary",7149.16,"f20a33c4-e8f9-44d1-8c69-57a0ca8f3c23"
"deef8d1a-f21c-4f25-b7d8-fcb7cb5e4c24","2000-01-04","salary",9310.61,"b9d256fd-930e-4870-b29a-7e7995a41bc4"
"b9fa4727-f374-450e-84cc-a9ffe09985e2","2000-01-04","salary",4636.62,"ebce6296-ed1c-4ca4-a4b8-ced568126e35"
"ca1ac16b-2996-4c1c-b17a-681152b90398","2000-01-04","salary",471.52,"3cdfa224-548c-4ba5-b51c-5ff083f95bbe"
"598dcbf9-0f53-4822-a26c-6eed8278b735","2000-01-04","services",4924.29,"b3786c1e-901b-49e0-8148-33ca250300a6"
"6fbef684-19d8-4913-a603-7707347ec6b8","2000-01-04","salary",4342.94,"9714dbc5-0c32-4f43-a398-7dd754a7e9a6"
"ce09c256-b750-44ec-a59b-acf1de8a7d2e","2000-01-04","salary",9080.31,"0379584e-6927-4326-be1c-45b8e13ff96c"
"5685838c-d35b-47d3-8e58-5b114ae71744","2000-01-04","salary",7430.16,"6ee640ea-c976-489c-834d-4a3520a1b27f"
"764ca6aa-e983-4741-b371-c419fd40e793","2000-01-04","invoice",1255.25,"258d923b-7d3f-4daf-8412-d80c3510cc54"
"07525852-9a30-4de5-be64-22d8dd88b408","2000-01-04","invoice",7108.45,"0edcaad0-b395-4792-ad5a-c37a3bcd0072"
"12135077-aebd-4bec-b5f6-71d0d61c5b6e","2000-01-04","salary",7386.91,"093c8032-75c1-447e-aa0e-8bff172e7e89"
"0962b6a8-f765-4f2e-8842-b10240491ef1","2000-01-04","salary",355.33,"164d5491-51e3-41a8-be33-447960adf083"
"cb152490-354a-49a5-84c5-6a7cba56606e","2000-01-04","services",7159.94,"959c6cf0-67d0-4b20-9864-db51329c325c"
"a021a819-02ca-47a9-8247-bcf97fb358d9","2000-01-04","services",326.3,"1d5c6c2d-9243-499b-aa41-fa9aa8ff0c6a"
"e4fc31af-3d1e-44b5-bd3d-bec3878aade7","2000-01-04","salary",951.0,"4d1f0c41-b272-4990-865d-9f146145a1b4"
"302b5146-2873-4973-a50b-b19127491bb3","2000-01-04","salary",8749.89,"d19a3e7a-54a9-421c-ad4b-0e0b35718423"
"c1de7f6b-765d-490d-bf74-fa4538f1c9e2","2000-01-04","salary",6869.22,"69202d64-4891-4af1-8d8d-e9b7576ce652"
"915b4a3a-aca7-47a6-9764-985c32b999b6","2000-01-04","salary",9018.08,"7647fba8-bf35-486b-93dc-415619b9f797"
"a989daf4-ce46-406c-889c-fff7b927bfe7","2000-01-04","services",9593.93,"404cef55-b50e-4bde-beda-afb2fb18a352"
"9e80ddd5-ff49-4ab8-9eda-bbb87c36079f","2000-01-04","invoice",7351.41,"83dd2c23-1c89-4654-8db1-898f6e03eadb"
"6ab1ab53-18b2-4d98-8937-dfceec355d9c","2000-01-04","invoice",9826.11,"7e49c645-2cab-4f57-b478-f092a24fe36d"
"1bb9a8f7-6507-485e-b22f-6947d17750d8","2000-01-04","salary",7153.15,"9800487f-3db3-48c1-a06c-c61acb780e9a"
"7de486bd-cc7d-4d6b-b5b7-14d4d8763026","2000-01-04","invoice",2858.38,"abf84874-dad8-4087-8473-7765274cc56e"
"f8dfa4f5-a322-4c9d-afd9-d35d4f5a932e","2000-01-04","salary",1182.45,"0ca025cc-bf4c-4c08-9b27-5b61b94c077a"
"f7f2e924-2a7e-443b-87a8-49de279bc5b3","2000-01-04","invoice",8345.07,"c8b2cbda-515b-4141-adfe-353fdbc3928c"
"3bc32b08-1bb7-426e-98fc-bca37af67e8b","2000-01-04","invoice",4013.2,"980f0b08-39b5-47db-8bb2-025fc9ddb551"
"cfbf126d-ea40-4eee-94fe-c2d25bc3a727","2000-01-04","office-supplies",3116.57,"aa4e033c-12ac-44a5-9ee5-c423a9013bdd"
"83688145-dfe2-4f9e-a748-90361170f521","2000-01-04","salary",6636.62,"29af0ca8-c71d-4e8e-9ee6-7c03de81935e"
"212b5bfa-0f6d-425b-b4a0-6592cdcd945e","2000-01-04","invoice",201.33,"72c67b83-49ed-4338-b658-6f81ef8e28fc"
"bf31bc6a-d115-4622-93c6-b89269eaa51b","2000-01-04","salary",4882.09,"32cb5eec-9819-4ad1-8343-4c15f9388d55"
"7d49f8e5-8320-4457-b1d4-db27ac6474ac","2000-01-04","salary",6616.4,"0dfa73c5-5771-4773-916a-80e586aa855c"
"68d2b86f-d794-4e89-97fe-950a1062fd79","2000-01-04","invoice",2878.45,"4c10d820-7d45-46d1-bcf4-c881af6e42f4"
"aa144f3c-6b22-47d4-bef0-16ea545a121d","2000-01-04","salary",977.42,"a4587f75-3d74-44b9-bec8-275ae067c4e2"
"e21675c9-c179-4292-8b45-3fb5c4fdafc4","2000-01-04","services",8606.61,"079490b2-63d0-4496-ba10-5a86abd07d42"
"2d22cd18-79ba-4e7c-8321-b548a5d53102","2000-01-04","salary",7822.31,"d96612cc-719c-46a9-9d2f-bedc3ead9fd9"
"0dd55ada-901f-41ae-a3b4-1b0e29df1de2","2000-01-04","salary",2393.87,"936da839-6228-43ef-9bbc-1eb6e4632457"
"67ab9661-7e19-4163-a700-59df911c96b7","2000-01-04","salary",2783.41,"38b8a3df-e671-4957-9f04-7d8debf5c849"
"42bc59c9-43ab-41d7-a85b-3f030957106d","2000-01-04","invoice",6728.16,"ee0a5738-27f2-4b57-93a8-3c64bee1cf78"
"5f1983ae-3c4c-4bce-a39b-068307d8394d","2000-01-04","salary",5710.25,"0db9631f-db06-4596-bf83-11f6cf4fcc74"
"05b284e1-b3e1-4fa0-ac3a-6a23d252fd50","2000-01-04","invoice",1331.95,"ebb592db-4c17-4531-a0ca-8d00b797bd85"
"7f4a5829-ab89-47b8-b612-4d8ae32c76cb","2000-01-04","invoice",1375.57,"5b265265-c0ee-4eb5-9874-74d8b9a53200"
"8cf56e16-3980-4f3d-9119-b71475acabfa","2000-01-04","travel",8629.05,"4ac6291d-e936-4d02-b9da-6a0ec4e52121"
"ea7e35ea-93e4-45bc-a34b-bb447dbc67cf","2000-01-04","invoice",1732.31,"a433bc1f-c596-4fc6-afb7-3bf68bf0c13d"
"74a49c95-f07e-4b64-88c8-2779819213f8","2000-01-04","salary",8989.31,"760897b5-836c-4ff7-859f-90d2863e9ed6"
"24cc471a-0f91-496d-9b52-358dd0ee5d7b","2000-01-04","services",3986.19,"f8023829-8658-4178-bae2-0ae67f594636"
"e3971c5d-00cb-410f-b051-b475f91e8414","2000-01-04","invoice",8875.15,"541befeb-eb95-46bc-93f6-93e72fb7bb5e"
"41b577f9-f7dd-4532-9c79-ae432ae14c87","2000-01-04","salary",4592.28,"69a9a5cc-d461-4eac-9894-3086907428b1"
"2df923ed-08fc-45cd-8a1d-e697aae66a71","2000-01-04","salary",2256.63,"8a4b8eb7-a9d0-48ab-b6db-dc810d8f087d"
"1feee2fd-d654-4b0d-878f-1963c06432f0","2000-01-04","salary",4933.26,"1e9f6413-c35d-4240-9576-e59f6fe2359b"
"6bfd6f56-3e3a-4c25-aa28-2e4285095715","2000-01-04","salary",5609.65,"60fe63f5-5a51-49e9-95fc-b6ebc1925167"
"710577b8-b81f-4558-8fd8-052952d6de07","2000-01-04","salary",3663.26,"c0a87e02-4bfc-4227-b087-1ac9ae35d542"
"879834aa-75d7-4359-93fb-50420a706d38","2000-01-04","travel",5946.71,"d924f170-7454-43ff-af36-7704eb2da3e4"
"5c3a7555-f553-48fa-8d3e-218148c4e365","2000-01-04","travel",8405.8,"d2b8cb6b-5ab2-4629-bd8b-89aa813859c9"
"0f64903b-ed35-49f1-babd-d5c774c8d729","2000-01-04","salary",6430.72,"a8e0327f-b586-4af0-9146-b66ef11f7f81"
"1337ae53-5178-42f7-9a0b-e83f50ddb2d3","2000-01-04","services",9434.05,"6002a70b-78c8-49a4-b604-4154a5481880"
"e9851b8f-6c36-4805-a3f4-356ace0589d7","2000-01-04","salary",475.87,"ac48dcf8-b1cc-43d0-bc61-5dda8d4d6a6b"
"13e2af74-f97e-49d8-a2fc-211ee47e0f5c","2000-01-04","travel",6627.58,"a71ed8f2-ef36-4316-a402-659daf6eea60"
"9af06408-7feb-4cd8-a32f-024cefbf123d","2000-01-04","office-supplies",2602.98,"b7af1438-2618-46d5-99fd-a390540f644b"
"b76a8ed3-0dec-4882-a397-0e3ae4699c6d","2000-01-04","salary",8087.18,"dd5f4e0d-4767-4e5d-9622-2d08ee70de9a"
"f6faf37b-1d59-4c11-985d-c3686e774d00","2000-01-04","salary",4795.78,"60ea5c95-373d-4fb3-aba7-a134efe7d1d0"
"848ae65d-13c4-4716-9372-1aaa53ee4f58","2000-01-04","services",1690.31,"054cd0e5-aac0-447d-b575-b3d91a76cea1"
"203bbbfd-c412-403b-b95e-9c068db3eadd","2000-01-04","invoice",9266.36,"ba59e841-8600-49cd-a085-bd0799ae6515"
"9d30540d-f5b0-4cec-8eb8-205482632bcc","2000-01-04","invoice",4555.42,"01deae01-e12e-47b2-9ec2-e9a00cfad0d8"
"a6d1e215-a9e3-4d59-a198-158bf1ebed01","2000-01-04","salary",5048.54,"9910fb62-08db-4ed8-886f-5996bd0ac62b"
"2a9d42e7-99c4-4dce-ab7b-ede4d2e04710","2000-01-04","services",3711.95,"abfc5ded-9af9-40ca-aab5-1aeb3a2cba1b"
"69162da9-eb2f-4a8c-9ce6-1ad3848ea8e4","2000-01-04","invoice",9040.19,"7b072c6c-499a-45b1-a54b-e724a07c8737"
"ad9e48bd-d890-4459-b508-cb7b8703ca90","2000-01-04","travel",4243.81,"c41d29b7-d257-42a5-88a3-40c9060ab865"
"1484b5aa-efef-4b68-9c61-dc3fc1186da4","2000-01-04","services",7085.4,"e31cb0b9-9900-43f1-b8a0-269d224b1dfd"
"89f92881-2ef4-4b3d-8670-a4ab770b3764","2000-01-04","salary",2813.8,"c46706a9-e042-4993-8c3a-6f5372bfa998"
"a988fd20-ea26-423a-80b9-b4fd5481db96","2000-01-04","invoice",7298.12,"98e51a51-6dcb-4c85-b0a8-ee32052966d7"
"d9fa97a9-a665-4a77-8c7b-5f1fba481634","2000-01-04","salary",6719.94,"38ca3abd-49cb-432c-b252-65bf7222ab05"
"6ba362ea-3ba9-46ac-8843-f90e4489da6c","2000-01-04","invoice",7853.57,"82d0518e-7e1b-4e53-90ed-0854b382095c"
"beea08b3-0cf8-4348-862c-c50e4e2fb402","2000-01-04","services",8692.24,"911a8cb1-5a18-4fb0-8166-2b4a52373a77"
"40b238b0-e1c3-4f9d-81fc-3ad7986e6f7e","2000-01-04","travel",4193.76,"d9de1973-1acc-4d15-8cc0-b208f86c999f"
"63d8a3f6-49ee-432a-8092-308ebc6b7775","2000-01-04","salary",4868.61,"d14cb250-d30e-4739-9289-b45d8603bca0"
"29b6d05b-7293-456c-b876-f5b1ca4df784","2000-01-04","travel",6687.44,"670c47d8-b001-447f-b28b-6d2b57648cea"
"c0d5a7f3-ea7d-4023-8157-77080bc5eb9c","2000-01-04","salary",4056.23,"6fa34e53-a676-474a-a7d8-c739c3e6b667"
"7635a02b-e96d-4e9f-97f6-c483dd197ada","2000-01-04","invoice",2412.12,"3e272700-41ee-43e3-95c2-ea0ccec1340d"
"d12bdb2f-d0a1-4c13-ab7b-f1ebe4103331","2000-01-04","services",785.86,"07352655-f24f-4177-8edc-d9d125018676"
"d57ea605-e46d-4d41-a7bd-0a0da3394bef","2000-01-04","salary",2389.14,"cf6fccd6-0eaa-4eb6-93cc-69c4e800b439"
"19a8a1bd-d2f0-4c83-bf98-31d5b66eb7d7","2000-01-04","salary",6440.41,"9c7b2550-33d2-4d43-93b5-1ddbf5c237fb"
"560e4edf-e3a9-4c1a-88bd-0bb245537ba9","2000-01-04","salary",5728.72,"af8ab2a0-c735-49f1-af82-959c2041b03f"
"e26ab99f-daf1-42e6-a5f5-f2e61b8b5d7f","2000-01-04","salary",5184.98,"98fe3458-3a03-4b3c-9284-bf04f9d25411"
"e2a5ff1d-647c-4fcc-ba8e-a2ff247c17c2","2000-01-04","invoice",2683.74,"220316d9-dcbc-4541-a41d-35938741c8f5"
"6fa38926-3a65-4ae5-b274-830150061c3d","2000-01-04","invoice",9293.69,"17261fcb-e824-48e2-b1ed-f3585c5516ab"
"b10fbbfa-e6f4-4582-9018-3c25838046dc","2000-01-04","salary",5676.42,"40bb4b84-fc0a-4697-b47f-71f3d3e4e25e"
"c29c42c5-2999-4c95-8a7e-cd9c523e64d3","2000-01-04","salary",8815.09,"967cc07b-ba20-4a1c-901b-a85073bc34d8"
"9e64ede9-eaaa-4020-a014-748a4885c83a","2000-01-05","services",789.31,"4d9fd361-8b52-4050-8ad9-dff1fe61d5ed"
"6fda3516-feca-4f02-bb0f-8ca0c97e1156","2000-01-05","travel",7633.38,"75aac638-03f2-4961-bd0e-eeb4c9f90cd8"
"9515584a-bd04-4ecf-a58d-3c557d410750","2000-01-05","salary",9294.52,"bd76bf3f-07b1-4e2b-afe8-0af4f620d967"
"a2491aa8-de90-42e5-873d-6b34b3502dd0","2000-01-05","salary",5340.66,"3efae99d-ab02-4102-b1c2-de8bc99198c1"
"289a97de-cbc3-426f-b6c8-3ae519baceeb","2000-01-05","invoice",5360.28,"58b9637b-84ee-4bb9-894e-1cb1ecd6444b"
"190c9ba3-d67b-4fd8-98ba-329d042e9ef7","2000-01-05","salary",996.25,"51b17b97-923a-41a6-83d0-90c14585e874"
"57fcf0c2-bb06-42ff-839a-a3dc37f501be","2000-01-05","salary",7264.01,"c6c4ccbe-f073-494b-a858-d0693db4afac"
"3007284c-5b4c-49f0-8612-5b0e36e67b5c","2000-01-05","salary",2329.75,"a54c9aa1-61de-4043-be8d-763b84344512"
"a67c5828-7dda-49e0-b48b-87c0d0c510e8","2000-01-05","invoice",2557.13,"02fb0381-358a-400c-9043-4d1b79475414"
"da25743d-f218-4452-9efd-a02172ba1dc6","2000-01-05","invoice",7544.93,"d943a27e-f0af-42e7-b791-a08c44eb2982"
"1d55b8d3-23e2-4ec7-b7f3-61687aefaa14","2000-01-05","salary",6249.84,"600d65ca-6025-46bc-8e42-d1dcf560750c"
"9e0bf462-2dcc-46b7-bc26-7eddb56228b3","2000-01-05","services",2368.5,"41dc88fd-727f-4f74-a199-03dd70a75a0e"
"a3347f18-4f1c-4d9d-a1ce-325ff21baf32","2000-01-05","services",7556.13,"a992b615-8195-44f2-9688-777d812ac69b"
"349f880f-a7ec-4b72-a4e4-a9b434c2850a","2000-01-05","invoice",7143.14,"f20a33c4-e8f9-44d1-8c69-57a0ca8f3c23"
"37eed818-b4bd-424d-8618-414b300bf526","2000-01-05","invoice",1487.79,"b9d256fd-930e-4870-b29a-7e7995a41bc4"
"8ffb5304-c164-49a6-b41e-a72a825b520a","2000-01-05","salary",5969.18,"ebce6296-ed1c-4ca4-a4b8-ced568126e35"
"b58ac12f-9e84-4644-abd8-7615ed8694b0","2000-01-05","salary",5053.09,"3cdfa224-548c-4ba5-b51c-5ff083f95bbe"
"e8fb24f1-71db-4114-aa27-57edbf98554a","2000-01-05","invoice",9188.1,"b3786c1e-901b-49e0-8148-33ca250300a6"
"d19b8d14-da9b-406d-bb6e-dd7f071a1eca","2000-01-05","travel",697.06,"9714dbc5-0c32-4f43-a398-7dd754a7e9a6"
"7f6884bd-20ec-4db6-a754-86e1ce82d6c0","2000-01-05","travel",604.72,"0379584e-6927-4326-be1c-45b8e13ff96c"
"5db98255-61ff-48c8-95b6-b6967ae816e0","2000-01-05","travel",6265.08,"6ee640ea-c976-489c-834d-4a3520a1b27f"
"ecf56c99-76d0-47ca-bd4c-7ffb1dc2c957","2000-01-05","salary",5829.16,"258d923b-7d3f-4daf-8412-d80c3510cc54"
"c7c2939e-5ede-4b2a-8226-03534789972a","2000-01-05","salary",6620.08,"0edcaad0-b395-4792-ad5a-c37a3bcd0072"
"a2326995-c21e-4c94-af8f-f3673c6a657a","2000-01-05","travel",1382.76,"093c8032-75c1-447e-aa0e-8bff172e7e89"
"9c1ebfb5-e5ce-4bd4-9cd1-da56e89a5254","2000-01-05","salary",7285.79,"164d5491-51e3-41a8-be33-447960adf083"
"7598f76f-e71f-426f-be92-602355d05f11","2000-01-05","services",6944.95,"959c6cf0-67d0-4b20-9864-db51329c325c"
"d3998cc6-b68c-483d-b1a3-ea8bd7849d3e","2000-01-05","salary",9643.18,"1d5c6c2d-9243-499b-aa41-fa9aa8ff0c6a"
"4f32a350-0312-4e30-9c7e-d714c918b0da","2000-01-05","services",7889.79,"4d1f0c41-b272-4990-865d-9f146145a1b4"
"b194cd19-6fcf-4067-9a3c-f63548fcc867","2000-01-05","invoice",7897.36,"d19a3e7a-54a9-421c-ad4b-0e0b35718423"
"e8895a1c-b097-41ed-a64b-b6de583ef986","2000-01-05","services",2735.49,"69202d64-4891-4af1-8d8d-e9b7576ce652"
"180cd835-5ab1-4076-8be6-c62b2d2ffd04","2000-01-05","invoice",8681.49,"7647fba8-bf35-486b-93dc-415619b9f797"
"63d10b12-5e36-4947-a5e7-4a7d337c99f4","2000-01-05","salary",8349.58,"404cef55-b50e-4bde-beda-afb2fb18a352"
"94670555-cf38-4a61-aa57-99b780af8f26","2000-01-05","services",6675.42,"83dd2c23-1c89-4654-8db1-898f6e03eadb"
"64684c51-59dc-4973-b464-81aacda6bda4","2000-01-05","salary",3046.92,"7e49c645-2cab-4f57-b478-f092a24fe36d"
"3be05ab4-9772-4c62-bdd9-0a8627d61dce","2000-01-05","services",8899.35,"9800487f-3db3-48c1-a06c-c61acb780e9a"
"3ec8bafc-92ec-4d8a-aaa0-9daf26cfb905","2000-01-05","salary",536.28,"abf84874-dad8-4087-8473-7765274cc56e"
"e4fe081e-d243-40b9-bb93-ac7ae2128631","2000-01-05","salary",1136.22,"0ca025cc-bf4c-4c08-9b27-5b61b94c077a"
"b02c4832-e2c9-4783-9bed-3409aff416bd","2000-01-05","invoice",5793.06,"c8b2cbda-515b-4141-adfe-353fdbc3928c"
"b26c27d8-af6d-4cfa-8906-907c0daa9027","2000-01-05","salary",4598.95,"980f0b08-39b5-47db-8bb2-025fc9ddb551"
"e291bb3d-af79-43af-b3b3-ce984c02d783","2000-01-05","salary",3361.07,"aa4e033c-12ac-44a5-9ee5-c423a9013bdd"
"384a342f-be20-44c6-b6c9-219835bb8b92","2000-01-05","salary",508.89,"29af0ca8-c71d-4e8e-9ee6-7c03de81935e"
"877f756e-0c13-40cc-8b74-19d1b1c86d8e","2000-01-05","salary",1970.63,"72c67b83-49ed-4338-b658-6f81ef8e28fc"
"bbfc5a3c-3e4b-451d-9c41-8b4d786cd7c5","2000-01-05","travel",7467.34,"32cb5eec-9819-4ad1-8343-4c15f9388d55"
"46f87f66-77cb-4042-8a4c-25a7cc682fc3","2000-01-05","salary",2487.29,"0dfa73c5-5771-4773-916a-80e586aa855c"
"1c2d11d3-36e8-4e7f-9103-0e16ee88a896","2000-01-05","travel",5019.94,"4c10d820-7d45-46d1-bcf4-c881af6e42f4"
"e02f48e2-1e41-4a75-9372-9f7d1fceea6c","2000-01-05","salary",4262.64,"a4587f75-3d74-44b9-bec8-275ae067c4e2"
"7b523bda-247d-49c3-9c37-5a5aae9973e7","2000-01-05","travel",7204.15,"079490b2-63d0-4496-ba10-5a86abd07d42"
"24c03527-77a9-4414-b0bc-a8f1fd0f16c5","2000-01-05","services",8043.29,"d96612cc-719c-46a9-9d2f-bedc3ead9fd9"
"a8bdc8fc-bfee-4c2e-8240-c74355c8335d","2000-01-05","salary",5556.94,"936da839-6228-43ef-9bbc-1eb6e4632457"
"767d8192-f97a-4d6b-a06d-f462107f9768","2000-01-05","salary",1415.21,"38b8a3df-e671-4957-9f04-7d8debf5c849"
"f54ca741-55a2-4d92-bf94-11dba77c9ed9","2000-01-05","invoice",1880.91,"ee0a5738-27f2-4b57-93a8-3c64bee1cf78"
"a33c64ed-ed62-476c-8ad5-c01031fa434a","2000-01-05","invoice",9378.66,"0db9631f-db06-4596-bf83-11f6cf4fcc74"
"0054b2eb-6786-4e73-bbeb-895bbd2f0657","2000-01-05","services",6761.47,"ebb592db-4c17-4531-a0ca-8d00b797bd85"
"991d926c-178a-4f2b-8b9d-ad7c4ee9f164","2000-01-05","services",4418.11,"5b265265-c0ee-4eb5-9874-74d8b9a53200"
"fd47591c-987e-43af-8cdd-e30ec67379ff","2000-01-05","salary",5718.68,"4ac6291d-e936-4d02-b9da-6a0ec4e52121"
"5cdd921d-2b55-451c-8e53-ab0e97b63329","2000-01-05","services",385.07,"a433bc1f-c596-4fc6-afb7-3bf68bf0c13d"
"22f650ec-f080-4db3-9c02-625a45da194e","2000-01-05","services",7845.07,"760897b5-836c-4ff7-859f-90d2863e9ed6"
"952c4206-8f46-47f3-89af-b3d6b81d4bf0","2000-01-05","office-supplies",5460.75,"f8023829-8658-4178-bae2-0ae67f594636"
"a19b4ad5-a2d2-4d22-ab1f-1b0174048ed5","2000-01-05","invoice",1442.83,"541befeb-eb95-46bc-93f6-93e72fb7bb5e"
"7f14b436-5328-4e75-a0ea-bae615f6cc61","2000-01-05","salary",7828.39,"69a9a5cc-d461-4eac-9894-3086907428b1"
"aaeae551-6a33-4e19-9d27-26b9c383ce19","2000-01-05","invoice",7700.92,"8a4b8eb7-a9d0-48ab-b6db-dc810d8f087d"
"e118aa93-54f9-42d5-9180-57873c35c46b","2000-01-05","salary",9096.07,"1e9f6413-c35d-4240-9576-e59f6fe2359b"
"2dfb5826-27be-4f19-b4c0-44ab51a2ae1d","2000-01-05","travel",2342.84,"60fe63f5-5a51-49e9-95fc-b6ebc1925167"
"fcfef4a6-d964-4e5b-8e73-162f54425f57","2000-01-05","salary",1215.11,"c0a87e02-4bfc-4227-b087-1ac9ae35d542"
"48db2cf6-a596-4c5b-8f64-d588a46ce824","2000-01-05","travel",7148.33,"d924f170-7454-43ff-af36-7704eb2da3e4"
"95b8d389-c005-483d-b0cc-abbd129b8489","2000-01-05","salary",7564.46,"d2b8cb6b-5ab2-4629-bd8b-89aa813859c9"
"2d747cef-81cd-4b74-8a45-8054dbbcdd77","2000-01-05","services",3863.32,"a8e0327f-b586-4af0-9146-b66ef11f7f81"
"8612d819-d7d8-4017-906b-8cec0c2f1b19","2000-01-05","salary",6265.14,"6002a70b-78c8-49a4-b604-4154a5481880"
"155e897c-7d4e-4192-aa4d-30eca4a211ee","2000-01-05","salary",8146.5,"ac48dcf8-b1cc-43d0-bc61-5dda8d4d6a6b"
"77201e50-8455-4e3c-8e70-b61c26aec766","2000-01-05","travel",2649.21,"a71ed8f2-ef36-4316-a402-659daf6eea60"
"5aa4a9f1-0252-4786-874c-d195e9ec4212","2000-01-05","salary",9132.64,"b7af1438-2618-46d5-99fd-a390540f644b"
"d1b597fd-ebb6-4b2c-b13a-d3d47a9fa04b","2000-01-05","invoice",3755.14,"dd5f4e0d-4767-4e5d-9622-2d08ee70de9a"
"e4846d7e-a5be-4730-b386-79923e9e184f","2000-01-05","invoice",5760.78,"60ea5c95-373d-4fb3-aba7-a134efe7d1d0"
"320b369f-d0cb-4524-a08c-6ae9931ce844","2000-01-05","salary",1217.42,"054cd0e5-aac0-447d-b575-b3d91a76cea1"
"2271cc1c-0c04-4b91-b6b8-8af0bcdea543","2000-01-05","salary",5992.16,"ba59e841-8600-49cd-a085-bd0799ae6515"
"85bf521d-dbcb-4ee7-9ed8-5579884cac8d","2000-01-05","invoice",1493.74,"01deae01-e12e-47b2-9ec2-e9a00cfad0d8"
"1e8a62e7-c257-4605-bbae-8b72391a7045","2000-01-05","services",7321.0,"9910fb62-08db-4ed8-886f-5996bd0ac62b"
"044857ba-a1f5-41c4-9bec-36bb22e8d224","2000-01-05","salary",2780.58,"abfc5ded-9af9-40ca-aab5-1aeb3a2cba1b"
"e84f986d-60b0-4f43-8150-0adb8d9c9f6e","2000-01-05","salary",2320.72,"7b072c6c-499a-45b1-a54b-e724a07c8737"
"98f67ea0-0abc-4465-b7ec-6d46a2824920","2000-01-05","salary",8471.53,"c41d29b7-d257-42a5-88a3-40c9060ab865"
"86eec2a8-1445-4cd7-9b7f-3a56de5ab287","2000-01-05","salary",5394.23,"e31cb0b9-9900-43f1-b8a0-269d224b1dfd"
"9e0b923f-9b4c-441f-9006-85537839a349","2000-01-05","invoice",1826.9,"c46706a9-e042-4993-8c3a-6f5372bfa998"
"940c249e-e20c-4ba2-b84c-f1ef9d0678fd","2000-01-05","salary",3622.89,"98e51a51-6dcb-4c85-b0a8-ee32052966d7"
"1c561cd3-1b7d-4b87-b18e-eef18414c73e","2000-01-05","salary",6203.32,"38ca3abd-49cb-432c-b252-65bf7222ab05"
"e1fcbd22-67a7-4861-ae5e-89248e5fee34","2000-01-05","services",4911.21,"82d0518e-7e1b-4e53-90ed-0854b382095c"
"57285923-b3c9-4ac7-a181-24e9becc4e75","2000-01-05","services",6391.59,"911a8cb1-5a18-4fb0-8166-2b4a52373a77"
"616b9ede-8859-4f68-9af7-f711a19e37eb","2000-01-05","salary",520.46,"d9de1973-1acc-4d15-8cc0-b208f86c999f"
"744135af-a37f-453b-b126-2f538e18bbd6","2000-01-05","salary",7943.53,"d14cb250-d30e-4739-9289-b45d8603bca0"
"f39e255b-8eb1-49e1-b165-f9c278c03f39","2000-01-05","invoice",5658.96,"670c47d8-b001-447f-b28b-6d2b57648cea"
"8a2f3712-0387-48ac-b40d-c66d425dbe93","2000-01-05","salary",1344.05,"6fa34e53-a676-474a-a7d8-c739c3e6b667"
"7fd66d62-420c-4cb1-baa2-eecfcaad0090","2000-01-05","invoice",6732.93,"3e272700-41ee-43e3-95c2-ea0ccec1340d"
"ec339f26-2386-410b-bef2-ce088c4d1499","2000-01-05","invoice",6066.5,"07352655-f24f-4177-8edc-d9d125018676"
"e2932185-c7e6-42bf-bd68-e64bc862874e","2000-01-05","invoice",7182.51,"cf6fccd6-0eaa-4eb6-93cc-69c4e800b439"
"35e086d8-3cec-4a6c-b9ab-139e93060705","2000-01-05","services",8511.35,"9c7b2550-33d2-4d43-93b5-1ddbf5c237fb"
"ffaf04c9-91c7-4eb9-866a-a87561506d10","2000-01-05","salary",2439.05,"af8ab2a0-c735-49f1-af82-959c2041b03f"
"c3e8d405-6ad0-4b92-a425-40c99a349b67","2000-01-05","services",1430.95,"98fe3458-3a03-4b3c-9284-bf04f9d25411"
"19b0c8ff-a763-45e0-bf7f-512a1d242e30","2000-01-05","invoice",2927.34,"220316d9-dcbc-4541-a41d-35938741c8f5"
"dcdf9075-170d-4abd-bafe-19f2e9f4c644","2000-01-05","travel",780.48,"17261fcb-e824-48e2-b1ed-f3585c5516ab"
"3f7decc2-f295-4e03-9c01-55c7eac7931b","2000-01-05","salary",1017.33,"40bb4b84-fc0a-4697-b47f-71f3d3e4e25e"
"2d6a7f4a-5dd1-42dc-8a09-cd4a3fe8e0e1","2000-01-05","salary",8434.11,"967cc07b-ba20-4a1c-901b-a85073bc34d8"